{"test_metric": 0.8325248650534087, "_timestamp": 1672923425.1219563, "_runtime": 1.0961143970489502, "_step": 99, "_wandb": {"runtime": 0}}